timestamp,open,high,low,close,volume,RSI_14,MACD_12_26_9,MACDh_12_26_9,MACDs_12_26_9,EMA_20
2025-03-04 18:05:00,85428.58,85862.92,85342.81,85800.01,179.29316,81.74932630944774,858.6198242383689,58.97987609017741,799.6399481481915,84489.4081058186
2025-03-04 18:10:00,85800.0,86000.0,85736.0,85980.55,217.20299,82.94082490632009,874.9273684846557,60.229936269171276,814.6974322154845,84631.42161955016
2025-03-04 18:15:00,85980.55,86000.0,85478.42,85706.71,253.9994,74.94829077784216,855.8884659028699,32.952826949908285,822.9356389529617,84733.83003673586
2025-03-04 18:20:00,85706.71,85772.0,85269.18,85391.93,243.05365,66.96044931935761,806.1075768042792,-13.462449718946004,819.5700265232252,84796.5062237134
2025-03-04 18:25:00,85391.94,85519.93,85260.51,85382.0,138.12324,66.71887918204386,757.1269078318292,-49.954494953116864,807.081402784946,84852.2675357407
2025-03-04 18:30:00,85382.0,85518.52,85148.68,85478.98,127.03267,67.93553165978805,717.8598092598986,-71.377274820038,789.2370840799366,84911.95443709873
2025-03-04 18:35:00,85478.97,85744.43,85420.79,85744.42,99.38939,71.05454903201623,700.0889507290558,-71.31850668070479,771.4074574097606,84991.23687166075
2025-03-04 18:40:00,85744.43,85909.04,85706.99,85821.79,124.2052,71.91218429392656,684.359657569803,-69.6382398719661,753.997897441769,85070.33716959783
2025-03-04 18:45:00,85821.78,85999.0,85750.71,85941.23,136.96874,73.23080387166762,673.765144039673,-64.18620272167686,737.9513467613499,85153.27934392185
2025-03-04 18:50:00,85941.22,86462.92,85869.26,86370.59,333.76178,77.34770335731352,692.0373041623388,-36.73123407920889,728.7685382415477,85269.21369211977
2025-03-04 18:55:00,86370.6,86927.68,86352.78,86764.24,463.06443,80.333948540638,729.868913327824,0.8803000690209046,728.9886132588031,85411.59715001313
2025-03-04 19:00:00,86764.25,87442.49,86537.71,87420.24,818.55697,84.09651228718387,803.5219528355228,59.62667166137578,743.895281174147,85602.89646905949
2025-03-04 19:05:00,87421.07,87770.38,87121.05,87669.21,431.0709,85.24993498448592,871.931235038588,102.4287630915527,769.5024719470354,85799.68823391096
2025-03-04 19:10:00,87669.21,88094.08,87440.06,88093.99,783.38378,86.9843876270082,949.4772967641911,143.97985985372463,805.4974369104665,86018.19316401468
2025-03-04 19:15:00,88094.0,88405.4,87777.08,88056.82,586.68602,86.03107130960586,996.4473759308021,152.7599512162684,843.6874247145337,86212.34810077518
2025-03-04 19:20:00,88056.82,88487.91,87905.66,88393.57,391.2902,87.38046533778625,1048.7550177174126,164.05407440230306,884.7009433151095,86420.08351974897
2025-03-04 19:25:00,88393.58,88444.28,87750.0,87750.47,311.65354,72.8978779340076,1026.483739712974,113.42623711829162,913.0575025946824,86546.78699405858
2025-03-04 19:30:00,87750.46,87984.43,87614.76,87671.24,349.00719,71.32933712325313,991.0165704535175,62.36725428706791,928.6493161664496,86653.8777565292
2025-03-04 19:35:00,87671.24,88076.0,87661.7,87807.32,172.68561,72.4267212548836,962.7906507151638,27.313067638971233,935.4775830761926,86763.72939876451
2025-03-04 19:40:00,87807.32,88025.63,87806.64,88009.96,135.8952,74.02132748531747,945.8693671513029,8.313427260088247,937.5559398912146,86882.4180274536
2025-03-04 19:45:00,88009.96,88105.5,87796.51,87888.49,131.70724,71.35733967142393,912.1428986365936,-20.33043300369684,932.4733316402904,86978.23440579136
2025-03-04 19:50:00,87888.49,88391.94,87882.01,88304.43,149.4109,74.71327981840005,908.5046352859063,-19.174957083507365,927.6795923694136,87104.53874809694
2025-03-04 19:55:00,88304.43,88385.48,88126.63,88206.19,101.0887,72.55112225971847,887.4640057628712,-32.172469285234,919.6364750481052,87209.45791494485
2025-03-04 20:00:00,88206.19,88301.89,87844.09,87917.51,203.9314,66.46429515157693,837.8370281506795,-65.43955751794056,903.2765856686201,87276.89144685488
2025-03-04 20:05:00,87917.5,88228.37,87874.38,88122.64,120.61756,68.48744309155782,805.7711393872596,-78.00435702508844,883.775496412348,87357.43892810679
2025-03-04 20:10:00,88122.64,88310.45,88108.79,88258.49,124.7681,69.78738419633304,782.3027520154865,-81.17819551748926,863.4809475329757,87443.25331590614
2025-03-04 20:15:00,88258.49,88456.93,88169.33,88418.12,192.18454,71.2862721447757,767.7347248494043,-76.59697814685717,844.3317029962615,87536.09776201032
2025-03-04 20:20:00,88418.11,88840.03,88400.84,88672.85,232.99317,73.54200677026189,767.8922565586108,-61.15155715012065,829.0438137087315,87644.35987991409
2025-03-04 20:25:00,88672.85,88800.85,88354.96,88406.55,153.54794,67.56610987961294,738.0214650879498,-72.81787889662542,810.8393439845752,87716.94941516036
2025-03-04 20:30:00,88406.54,88458.75,87824.75,87978.08,194.79745,59.22697316709023,672.0279792908259,-111.0490917549995,783.0770710458254,87741.8189946689
2025-03-04 20:35:00,87978.17,88205.36,87863.32,87863.33,168.52968,57.1911594426773,603.5113966373465,-143.65253952678324,747.1639361641297,87753.3914713671
2025-03-04 20:40:00,87863.33,88047.2,87806.64,87962.73,171.27222,58.521194576854796,550.8820353374758,-157.02552066132307,707.9075559987989,87773.32847409404
2025-03-04 20:45:00,87962.74,88090.32,87900.0,87995.54,79.05286,58.97429062722433,505.98766924397205,-161.53590940386152,667.5235786478336,87794.49147656128
2025-03-04 20:50:00,87995.53,87995.53,87259.45,87530.78,423.84282,50.550680825740734,427.9729075554351,-191.6405368739188,619.6134444293539,87769.37609784116
2025-03-04 20:55:00,87530.78,87769.51,86692.9,86825.27,494.82176,40.98136211985224,305.69304688712873,-251.13631803378019,556.8293649209089,87679.4612313801
2025-03-04 21:00:00,86825.27,87039.31,86582.27,86859.43,231.00927,41.558230504925206,209.1310700457252,-278.15863590014703,487.28970594587224,87601.3630188677
2025-03-04 21:05:00,86859.43,87220.92,86859.43,86890.0,191.36673,42.10361310526061,133.53247200706392,-283.00578715104666,416.5382591581106,87533.61415992792
2025-03-04 21:10:00,86890.01,87378.77,86863.91,87146.33,188.00009,46.60328782849477,93.2290408143017,-258.64737467504716,351.87641548934886,87496.7299542205
2025-03-04 21:15:00,87146.33,87747.49,87092.62,87528.83,186.2916,52.531841156181876,91.10265978504322,-208.6190045634445,299.7216643484877,87499.7871014376
2025-03-04 21:20:00,87528.84,88096.66,87404.85,88004.7,214.56875,58.67865713225378,126.35962439418654,-138.68963196344095,265.0492563576275,87547.87404415783
2025-03-04 21:25:00,88004.7,88967.52,87968.92,88779.75,426.84489,66.32683300011814,214.3699570720928,-40.543439428427746,254.91339650052055,87665.19556376185
2025-03-04 21:30:00,88779.74,88798.79,88014.04,88061.88,431.45714,55.98985586369927,223.61497604113538,-25.038736367508136,248.6537124086435,87702.97503387977
2025-03-04 21:35:00,88061.88,88200.0,87780.31,87823.72,236.19863,53.0366863428534,209.3113871873502,-31.47386017703468,240.78524736438487,87714.47455446265
2025-03-04 21:40:00,87823.73,88009.26,87677.34,87950.73,175.03364,54.41748726297402,205.85140860176762,-27.947071010093822,233.79847961186144,87736.97507308525
2025-03-04 21:45:00,87951.6,88018.39,87688.99,87814.44,74.07614,52.629309195739516,189.92257741816866,-35.100721754954236,225.0232991731229,87744.35268517237
2025-03-04 21:50:00,87814.45,87874.02,87490.18,87605.22,145.05997,49.91756001373542,158.58844954022788,-53.14787970631602,211.7363292465439,87731.1019532512
2025-03-04 21:55:00,87605.23,87676.17,87314.37,87517.49,169.46613,48.78250844915424,125.23323881486431,-69.2024723453437,194.435711160208,87710.75795770346
2025-03-04 22:00:00,87517.49,87802.54,87416.0,87589.05,132.52172,49.78550225729976,103.38156957061437,-72.84331327167493,176.2248828422893,87699.16672363646
2025-03-04 22:05:00,87589.06,87752.0,87481.53,87503.86,60.93136,48.56618448906771,78.28739486848644,-78.34999037904231,156.63738524752875,87680.56608329013
2025-03-04 22:10:00,87503.85,87624.41,87500.09,87594.41,49.35891,49.968802550190404,64.95791446232761,-73.34357662816092,138.30149109048853,87672.36074202441
2025-03-04 22:15:00,87594.4,87700.0,87511.48,87526.35,35.25015,48.88961852938091,48.34504047501832,-71.96516049237617,120.3102009673945,87658.4549570697
2025-03-04 22:20:00,87526.35,87677.12,87504.8,87677.12,42.30472,51.39396511214981,46.80555184707919,-58.803719296252254,105.60927114333144,87660.23258020592
2025-03-04 22:25:00,87677.11,87871.56,87675.3,87729.37,65.88051,52.2668588293722,49.23409435398935,-45.10014143147369,94.33423578546304,87666.81709637679
2025-03-04 22:30:00,87729.38,87969.77,87729.37,87872.24,62.39892,54.66431558947755,61.9727633339935,-25.889177961175633,87.86194129516913,87686.38118243615
2025-03-04 22:35:00,87872.24,87872.26,87729.38,87767.65,29.15678,52.582206978881956,62.90359785298642,-19.96667475374616,82.87027260673258,87694.12106982317
2025-03-04 22:40:00,87767.66,87874.25,87750.13,87873.07,44.99636,54.46483247567645,71.3256066886388,-9.235732734475036,80.56133942311384,87711.16382507811
2025-03-04 22:45:00,87873.07,87873.08,87780.22,87805.75,17.98935,53.01724267196224,71.74096282267419,-7.056301280351718,78.79726410302591,87720.17203221354
2025-03-04 22:50:00,87805.75,87805.75,87528.1,87631.81,64.74633,49.36633953287768,57.37326790978841,-17.139196954590005,74.51246486437842,87711.75660057415
2025-03-04 22:55:00,87631.8,87684.35,87433.07,87486.0,61.36188,46.47703000808359,33.83113351465727,-32.54506507977692,66.37619859443419,87690.25597194805
2025-03-04 23:00:00,87485.99,87655.79,87417.59,87503.17,93.49283,46.87135973047411,16.370587951372727,-40.004488514449164,56.37507646582189,87672.43826033396
2025-03-04 23:05:00,87503.18,87680.0,87471.69,87679.99,44.70981,50.884494130156504,16.609413074693293,-31.812530712902884,48.42194378759618,87673.1574736355
2025-03-04 23:10:00,87680.0,87747.3,87620.0,87649.41,41.11433,50.17856032677113,14.167815515189432,-27.403302617925405,41.57111813311484,87670.89580947973
2025-03-04 23:15:00,87649.42,87671.99,87368.17,87389.89,61.45679,44.53217561639182,-8.609023775192327,-40.144113526645725,31.535089751453402,87644.13335143404
2025-03-04 23:20:00,87389.89,87390.0,87088.96,87248.34,91.68472,41.77125740512423,-37.647755142024835,-55.346275914782595,17.698520772757757,87606.43874653555
2025-03-04 23:25:00,87248.33,87396.03,87248.33,87391.86,59.12639,45.46321254599568,-48.520974815270165,-52.97559647042234,4.454621655152172,87586.00267543693
2025-03-04 23:30:00,87391.87,87479.99,87372.32,87469.72,48.08801,47.41125521645352,-50.2758794046531,-43.78440084784422,-6.4914785568088815,87574.92813491913
2025-03-04 23:35:00,87469.71,87476.18,87293.95,87371.98,34.01381,45.22725938912489,-58.87478323504911,-41.90664374259218,-16.968139492456928,87555.59974111732
2025-03-04 23:40:00,87371.98,87460.4,87302.91,87407.99,38.61991,46.210374433421954,-62.06828585732728,-36.080117091896284,-25.988168765431,87541.54167053472
2025-03-04 23:45:00,87408.0,87408.0,87304.1,87368.59,35.64347,45.25329526569388,-67.00600687641418,-32.81427048878654,-34.191736387627635,87525.07008286474
2025-03-04 23:50:00,87368.6,87394.0,87312.63,87322.13,41.92853,44.09357992240377,-73.81720132866758,-31.70037195283195,-42.11682937583563,87505.74245592524
2025-03-04 23:55:00,87322.13,87322.13,87185.37,87281.98,36.43648,43.0664363387975,-81.51523457383155,-31.518724158396736,-49.99651041543481,87484.43174583712
2025-03-05 00:00:00,87281.98,87281.98,87035.03,87088.79,118.10042,38.427849850475326,-102.0286767508369,-41.625733068321665,-60.40294368251523,87446.75157956692
2025-03-05 00:05:00,87088.78,87200.0,87012.12,87079.93,87.85173,38.224510040910715,-117.64452259604877,-45.79326313082683,-71.85125946522194,87411.81619103673
2025-03-05 00:10:00,87079.93,87277.0,87079.92,87141.99,67.56897,40.595650624180564,-123.58782606343448,-41.389253278570024,-82.19857278486445,87386.11845855706
2025-03-05 00:15:00,87142.0,87180.0,86841.69,86887.49,194.23267,34.71159958388091,-147.13784643173858,-51.951418917499296,-95.18642751423928,87338.63003393257
2025-03-05 00:20:00,86887.49,86999.0,86756.14,86889.99,195.66918,34.81155456808556,-163.71250231651356,-54.82085984181941,-108.89164247469415,87295.90241165328
2025-03-05 00:25:00,86890.0,87068.28,86890.0,87061.99,75.29622,41.452774561705304,-161.11187655881804,-41.77618726729909,-119.33568929151895,87273.62503911488
2025-03-05 00:30:00,87061.98,87168.0,86686.92,86783.98,94.59738,35.20899544551865,-179.4157523719041,-48.06405046430811,-131.35170190759598,87226.9921782468
2025-03-05 00:35:00,86783.98,86894.7,86602.98,86631.85,109.40873,32.33852387834791,-203.84749835229013,-57.99663715575531,-145.85086119653482,87170.31197079472
2025-03-05 00:40:00,86631.85,86722.99,86334.53,86594.09,260.29497,31.64882579250573,-223.6783249938744,-62.26197103787166,-161.41635395600275,87115.43368786188
2025-03-05 00:45:00,86594.08,86837.63,86429.93,86452.83,148.26756,29.144624728625924,-247.93486068179482,-69.21480538063366,-178.72005530116115,87052.32857473218
2025-03-05 00:50:00,86452.83,86735.8,86452.83,86696.92,122.16525,38.238425251448334,-244.64223353493435,-52.737742587018545,-191.9044909479158,87018.4801390434
2025-03-05 00:55:00,86696.92,86837.96,86696.92,86800.36,49.5118,41.65580677976525,-231.0229702884244,-31.294783472406863,-199.72818681601754,86997.70679246784
2025-03-05 01:00:00,86800.36,86835.51,86604.89,86604.9,97.17132,37.440136847412084,-233.31211765609623,-26.86714467206295,-206.44497298403329,86960.29662175661
2025-03-05 01:05:00,86604.91,86858.56,86603.78,86758.01,69.13732,42.36096393536587,-220.2328784979618,-11.0303244111428,-209.202554086819,86941.03122920835
2025-03-05 01:10:00,86758.02,86940.59,86758.02,86842.21,105.88452,44.926500487511376,-200.7590258413111,6.754822596406342,-207.51384843771743,86931.61968356946
2025-03-05 01:15:00,86842.21,87067.22,86805.67,86852.11,85.37091,45.23515395122861,-182.4241381377651,20.07176823996187,-202.49590637772698,86924.04733275331
2025-03-05 01:20:00,86852.11,87074.51,86852.11,87005.59,60.95856,49.92097427731129,-153.7368712687312,39.00722808719664,-192.74409935592783,86931.81330106253
2025-03-05 01:25:00,87005.59,87435.0,87005.59,87276.66,109.29029,56.93021274747029,-107.88528758195753,67.88704941917626,-175.7723370011338,86964.65584381847
2025-03-05 01:30:00,87276.66,87396.42,87065.84,87385.05,136.69956,59.37850528246818,-62.08572443612502,90.949290052007,-153.03501448813202,87004.69338250243
2025-03-05 01:35:00,87385.05,87610.0,87384.67,87419.47,98.9256,60.15312960996147,-22.74959120863059,104.22833862360115,-126.97792983223174,87044.19591750219
2025-03-05 01:40:00,87419.46,87513.13,87333.19,87499.73,75.74187,61.974039272481065,14.731078313852777,113.36720651686761,-98.63612820301483,87087.58011583531
2025-03-05 01:45:00,87499.73,87543.61,87375.79,87543.61,68.56987,62.97035252626066,47.42879855724459,116.85194140820754,-69.42314285096295,87131.01153337481
2025-03-05 01:50:00,87543.61,87794.52,87534.66,87736.81,103.58595,67.06233451499769,87.91813722591905,125.8730240615056,-37.95488683558655,87188.70662543437
2025-03-05 01:55:00,87736.81,87738.56,87538.36,87643.11,110.66862,63.402928433478884,111.16399359337811,119.29510434317173,-8.131110749793617,87231.98313729776
2025-03-05 02:00:00,87643.11,87689.35,87410.77,87490.89,91.59935,57.87758648450518,115.96682700271776,99.27835020200911,16.688476800708663,87256.6409337456
2025-03-05 02:05:00,87490.88,87547.17,87283.01,87391.56,53.04124,54.53763944200368,110.48441070516128,75.0367471235621,35.44766358159919,87269.49036862697
2025-03-05 02:10:00,87391.55,87411.48,87149.17,87282.66,79.64552,51.05881864200652,96.24280921045283,48.63611650308292,47.606692707369916,87270.74461923393
2025-03-05 02:15:00,87282.66,87333.59,87059.34,87179.92,98.37428,47.95117413648862,75.79229169509199,22.54847919017766,53.24381250491433,87262.09465549736
2025-03-05 02:20:00,87180.0,87640.72,87170.6,87463.22,150.82107,55.918438640687086,81.50550684180052,22.609355469508955,58.89615137229157,87281.2494502119
2025-03-05 02:25:00,87463.21,87490.0,87229.47,87311.99,82.65317,51.39570331721226,72.98890324631066,11.274201499215266,61.71470174709539,87284.17712162029
2025-03-05 02:30:00,87312.0,87493.68,87124.68,87166.0,95.89801,47.409314531885705,53.83864227266167,-6.300847579546982,60.139489852208655,87272.92215765646
2025-03-05 02:35:00,87166.0,87288.79,87029.56,87247.56,104.65392,49.75404401508629,44.72754159789474,-12.329558603451133,57.057100201345875,87270.50671407013
2025-03-05 02:40:00,87247.56,87584.91,87230.0,87488.0,83.78292,55.984297743815134,56.259898145042825,-0.6377616450424455,56.89765979008527,87291.22036034917
2025-03-05 02:45:00,87488.01,87691.15,87418.8,87553.69,64.07988,57.533569502117565,69.89430970596732,10.397319932705635,59.49698977326168,87316.21746888735
2025-03-05 02:50:00,87553.68,87888.88,87552.0,87743.99,109.15082,61.73542464983258,94.96065141660802,28.37092931467707,66.58972210193095,87356.9577099457
2025-03-05 02:55:00,87744.0,87866.0,87377.0,87466.55,104.5317,53.43440788741485,91.38538464954763,19.836530038093343,71.54885461145429,87367.39507090325
2025-03-05 03:00:00,87466.55,87677.19,87307.69,87584.91,92.97714,56.14366222983803,96.9846441950067,20.348631666841925,76.63601252816477,87388.11077843627
2025-03-05 03:05:00,87584.91,87670.0,87440.0,87558.0,60.05896,55.35510046338315,98.11962367710657,17.186888919153446,80.93273475795313,87404.29070429948
2025-03-05 03:10:00,87557.99,87802.75,87557.99,87725.99,64.61898,59.20700071212307,111.29159194738895,24.28708575154866,87.00450619584029,87434.92873246143
2025-03-05 03:15:00,87726.0,87886.0,87700.0,87700.0,156.84118,58.36795581942154,118.26995350448124,25.01235784691275,93.25759565756849,87460.17361508415
2025-03-05 03:20:00,87700.01,87888.0,87608.77,87716.03,94.76089,58.756180322293346,123.6682714936178,24.328540668839437,99.33973082477836,87484.54088983804
2025-03-05 03:25:00,87716.02,87811.33,87684.01,87686.01,44.5189,57.67155750618802,124.09364004357485,19.803127375037192,104.29051266853766,87503.72842413919
2025-03-05 03:30:00,87686.0,87853.69,87608.0,87650.01,81.793,56.32869554697458,120.1409385936131,12.680340740060345,107.46059785355276,87517.6600027926
2025-03-05 03:35:00,87650.01,87724.55,87592.0,87628.68,43.41205,55.50404984185131,113.97342676138214,5.210263126263499,108.76316363511864,87528.23333585997
2025-03-05 03:40:00,87628.68,87628.68,87414.85,87414.86,79.10551,47.92910944207256,90.78562202944886,-14.382033284535837,105.1676553139847,87517.43587530188
2025-03-05 03:45:00,87414.86,87610.48,87369.28,87489.46,69.07233,50.46895452743487,77.53494171776401,-22.10617087697655,99.64111259474056,87514.77150622552
2025-03-05 03:50:00,87489.45,87596.8,87402.0,87402.0,46.94876,47.54118075755926,59.29289940270246,-32.27857055363049,91.57146995633295,87504.03136277547
2025-03-05 03:55:00,87402.01,87402.01,86777.0,86843.4,172.46836,33.98189211748078,-0.23568531025375705,-73.44572421326937,73.21003890301562,87441.11409013018
2025-03-05 04:00:00,86843.4,87107.32,86722.81,86989.99,211.28159,38.90627323107893,-35.17841481117648,-86.71076297135367,51.53234816017719,87398.14989107016
2025-03-05 04:05:00,86990.0,87144.43,86824.35,87125.88,306.94041,43.14036701450107,-51.314075647402206,-82.27713904606352,30.963063398661312,87372.21942525395
2025-03-05 04:10:00,87125.89,87180.0,87002.0,87056.88,78.3305,41.56515318563887,-68.87547287635971,-79.87082902001681,10.995356143657109,87342.18709903929
2025-03-05 04:15:00,87056.88,87231.04,87032.2,87136.57,102.9823,44.10366077239347,-75.4924596184137,-69.19025260965665,-6.302207008757055,87322.60451817841
2025-03-05 04:20:00,87136.57,87398.0,87123.39,87208.58,372.40944,46.3708167804748,-74.0720080958854,-54.215840869702674,-19.856167226182723,87311.74504025666
2025-03-05 04:25:00,87208.58,87323.01,86976.18,87010.96,240.16497,41.40721605028258,-87.87955168256303,-54.41870756510425,-33.460844117458784,87283.0988459465
2025-03-05 04:30:00,87010.97,87064.0,86816.86,86942.03,230.16117,39.80666349693388,-103.19464079823229,-55.787037344618795,-47.40760345361349,87250.6160987135
2025-03-05 04:35:00,86942.03,87065.67,86926.01,87043.69,64.02075,43.28837292825473,-105.90800530997512,-46.800321485089306,-59.10768382488582,87230.90885121697
2025-03-05 04:40:00,87043.68,87053.23,86923.53,87000.0,33.57043,42.15972497351364,-110.31217402644688,-40.96359216124884,-69.34858186519804,87208.91753205346
2025-03-05 04:45:00,87000.0,87017.59,86905.66,86992.45,69.10551,41.95614623576216,-113.10789397210465,-35.00744968552529,-78.10044428657936,87188.3015766198
2025-03-05 04:50:00,86992.46,87076.06,86924.93,86924.94,107.98029,40.09192522013131,-119.39470710362366,-33.03541025363543,-86.35929684998823,87163.21952170362
2025-03-05 04:55:00,86924.94,87026.61,86879.81,86915.94,80.9101,39.83779507343406,-123.67759822260996,-29.854641098097375,-93.82295712451258,87139.66909106518
2025-03-05 05:00:00,86915.93,86980.81,86859.32,86867.46,74.80538,38.424878361513834,-129.49105880616116,-28.534481345318866,-100.9565774608423,87113.74441572564
2025-03-05 05:05:00,86867.45,87132.08,86848.46,87120.01,119.08918,48.64337858879133,-112.42364406328124,-9.173653281951147,-103.2499907813301,87114.34113803749
2025-03-05 05:10:00,87120.01,87197.78,87037.8,87113.59,134.25347,48.42338533292166,-98.28269354891381,3.9738377859330427,-102.25653133484685,87114.26960108154
2025-03-05 05:15:00,87113.59,87113.59,86928.09,86976.87,51.51407,43.872843383703,-96.99000931630144,4.2132176148363385,-101.20322693113778,87101.18392478806
2025-03-05 05:20:00,86976.88,87040.0,86888.8,86931.42,28.46873,42.4448713027418,-98.49756429853733,2.1645301060803632,-100.66209440461769,87085.01593195109
2025-03-05 05:25:00,86931.42,87000.0,86885.59,86960.65,23.99879,43.71370929814764,-96.22447986241605,3.550091633761312,-99.77457149617736,87073.17155747955
2025-03-05 05:30:00,86960.64,87058.02,86933.6,87008.26,44.99407,45.809274418648684,-89.54904926590098,8.180417784221106,-97.72946705012208,87066.98950438626
2025-03-05 05:35:00,87008.25,87155.33,86964.58,87007.55,52.16351,45.78190048567489,-83.35514723994129,11.499455848144649,-94.85460308808594,87061.32859920662
2025-03-05 05:40:00,87007.55,87036.95,86962.0,86962.0,28.90884,43.966708936812886,-81.1860770231433,10.934820851954115,-92.12089787509741,87051.86873261552
2025-03-05 05:45:00,86962.0,87120.0,86962.0,87120.0,36.15384,51.19515537613347,-65.95747697267507,20.930736721937876,-86.88821369461294,87058.35742474737
2025-03-05 05:50:00,87120.0,87207.55,87097.52,87200.37,56.16818,54.41643682211695,-46.86330340638233,32.0199282305845,-78.88323163696683,87071.8824319143
2025-03-05 05:55:00,87200.37,87245.0,87132.94,87145.98,34.44866,51.918959843569475,-35.70822949084686,34.54000171689597,-70.24823120774283,87078.93934316056
2025-03-05 06:00:00,87145.99,87202.5,87021.67,87119.86,37.09263,50.715177037728715,-28.645214548581862,33.28241332732878,-61.927627875910645,87082.83654857383
2025-03-05 06:05:00,87119.86,87216.52,87043.48,87043.48,35.80325,47.2641736417153,-28.878063644529902,26.439651385104597,-55.3177150296345,87079.0883058525
2025-03-05 06:10:00,87043.48,87078.18,87000.0,87035.52,22.60035,46.90595063070443,-29.366386285008048,20.761062995701167,-50.127449280709214,87074.93894339036
2025-03-05 06:15:00,87035.52,87153.02,87000.0,87112.0,24.85195,50.76693282247864,-23.31334691461234,21.451281892877503,-44.76462880748984,87078.46856782936
2025-03-05 06:20:00,87112.01,87133.62,87034.53,87133.62,28.7653,51.833262926444256,-16.58058561969665,22.547234550234556,-39.127820169931205,87083.72108517894
2025-03-05 06:25:00,87133.63,87216.33,87096.4,87117.79,50.60834,50.962903082985186,-12.379469669322134,21.398680400487258,-33.77815006980939,87086.96574373332
2025-03-05 06:30:00,87117.79,87234.91,87115.5,87224.26,40.53536,56.28029359250976,-0.4535871478874469,26.659650337537556,-27.113237485425003,87100.04138718729
2025-03-05 06:35:00,87224.25,87291.74,87170.01,87291.73,35.41089,59.29270438792414,14.277444310777355,33.11254543696189,-18.835101126184533,87118.29744555042
2025-03-05 06:40:00,87291.73,87466.75,87291.73,87433.97,85.00639,64.7993086710041,37.0029254329711,44.670421247324505,-7.667495814353408,87148.36149835514
2025-03-05 06:45:00,87433.97,87519.38,87406.0,87450.01,67.34379,65.36823179607576,55.66564795967133,50.666515019219794,4.99913294045154,87177.08992708322
2025-03-05 06:50:00,87450.0,87485.12,87358.49,87482.3,50.6284,66.5406127170069,72.22891321040515,53.78382421596289,18.445088994442266,87206.1575530753
2025-03-05 06:55:00,87482.31,87588.6,87476.01,87490.12,70.59931,66.83344425013432,85.00652657538012,53.24915006475028,31.75737651062984,87233.20159563956
2025-03-05 07:00:00,87490.13,87727.27,87490.13,87596.2,201.26627,70.59319565955451,102.51096409406455,56.60287006674776,45.908094027316785,87267.77287224532
2025-03-05 07:05:00,87596.2,87665.16,87499.99,87599.99,121.51648,70.72090035249666,115.3593870606419,55.561034426660086,59.79835263398181,87299.41259869814
2025-03-05 07:10:00,87600.0,87612.0,87474.4,87491.94,50.09094,62.400954452646474,115.49180520186201,44.55476205430415,70.93704314755786,87317.74854167926
2025-03-05 07:15:00,87491.95,87491.95,87382.46,87400.64,37.54451,56.36666986469244,106.99621479738562,28.847337319862206,78.14887747752341,87325.64296628124
2025-03-05 07:20:00,87400.64,87537.55,87360.81,87514.33,36.63463,61.37547238452666,108.19008311525977,24.03296451018909,84.15711860507068,87343.61315996875
2025-03-05 07:25:00,87514.32,87539.08,87437.9,87536.0,34.62703,62.264643476922274,109.62117557952297,20.37124557956183,89.24992999996114,87361.9357161622
2025-03-05 07:30:00,87536.0,87565.2,87438.34,87520.41,34.93435,61.173560450847184,108.24951097941084,15.199664783559768,93.04984619585107,87377.02850509914
2025-03-05 07:35:00,87520.41,87580.71,87408.85,87408.86,57.97544,53.89607161242254,97.04265682285768,3.194248501605273,93.8484083212524,87380.06007604208
2025-03-05 07:40:00,87408.85,87520.98,87360.1,87520.98,39.20848,59.15561829114866,96.10050434323784,1.8016768175883442,94.2988275256495,87393.48102118092
2025-03-05 07:45:00,87520.98,87557.49,87412.0,87557.49,45.99401,60.726778028412205,97.17966688092565,2.3046714842209184,94.87499539670473,87409.1009239256
2025-03-05 07:50:00,87557.48,87670.96,87557.48,87586.0,61.48666,61.95740990601889,99.19200599871692,3.4536084816097485,95.73839751710717,87425.9484549803
2025-03-05 07:55:00,87586.0,87686.86,87572.07,87619.49,30.49768,63.40792187418303,102.30979868645954,5.257120935481893,97.05267775097765,87444.38098307741
2025-03-05 08:00:00,87619.49,87711.27,87603.75,87668.01,74.69637,65.4625437800625,107.45713143397006,8.32356294639392,99.13356848757614,87465.67898468909
2025-03-05 08:05:00,87668.01,87719.71,87600.0,87600.0,52.84986,60.34759300661779,104.8400601514586,4.565193331105959,100.27486682035264,87478.47146233775
2025-03-05 08:10:00,87600.0,87735.85,87600.0,87725.79,38.31169,65.68776893238264,111.62941957224393,9.083642201513015,102.54577737073092,87502.02560878177
2025-03-05 08:15:00,87725.8,87794.64,87644.39,87780.0,44.06376,67.70624029590631,120.00103257062437,13.964204159914772,106.0368284107096,87528.49936032636
2025-03-05 08:20:00,87780.01,87842.35,87679.93,87707.26,59.91637,62.401690142426695,119.38983440615993,10.68240479636026,108.70742960979968,87545.52418315242
2025-03-05 08:25:00,87707.25,87779.56,87688.65,87775.0,35.28233,65.14070881374633,122.95416821569961,11.397390884719954,111.55677733097966,87567.3790228522
2025-03-05 08:30:00,87775.0,87862.88,87682.01,87815.66,63.9179,66.70842649925385,127.58908310106199,12.82584461606585,114.76323848499614,87591.02483019962
2025-03-05 08:35:00,87815.66,87871.0,87759.21,87824.0,45.60281,67.03589830197417,130.43171917246946,12.534784549978653,117.8969346224908,87613.21294160918
2025-03-05 08:40:00,87824.0,87900.0,87820.03,87876.67,57.17773,69.10289297180925,135.37404977917322,13.981692125345916,121.3923576538273,87638.30409002735
2025-03-05 08:45:00,87876.68,87924.68,87750.95,87837.98,68.78204,65.83709821728948,134.61714014307654,10.579825991399389,124.03731415167715,87657.32084335807
2025-03-05 08:50:00,87837.98,87873.75,87785.2,87834.0,29.15894,65.49420055142859,132.17252843223105,6.5081714244431055,125.66435700778794,87674.14742970493
2025-03-05 08:55:00,87834.0,87835.75,87668.0,87760.0,37.89257,59.309077452961155,122.84786081341736,-2.2531969554964775,125.10105776891383,87682.32386497113
2025-03-05 09:00:00,87760.0,87889.84,87673.04,87864.01,66.76384,64.39822675361327,122.43932794037391,-2.1293838628319435,124.56871180320586,87699.62730640246
2025-03-05 09:05:00,87864.02,88252.94,87808.0,88189.79,167.73082,74.96135383339258,146.71208049923007,17.714694956819358,128.9973855424107,87746.30946769746
2025-03-05 09:10:00,88189.79,88409.91,88113.16,88256.28,155.27457,76.49424617900988,169.36130737014173,32.29113746218479,137.07016990795694,87794.8780898215
2025-03-05 09:15:00,88256.27,88366.94,88150.95,88187.99,86.25796,71.64292963834933,179.72874942148337,34.12686361082115,145.60188581066222,87832.31731936231
2025-03-05 09:20:00,88187.99,88612.0,88187.99,88509.06,190.86843,78.5354724925791,211.41561998111138,52.65098733635932,158.76463264475206,87896.76900323258
2025-03-05 09:25:00,88509.07,88686.0,88509.07,88621.21,141.12656,80.33362553324228,242.77865965054662,67.21122160463565,175.56743804591096,87965.7633838771
2025-03-05 09:30:00,88621.21,88829.68,88593.18,88652.01,202.00295,80.8091102382722,267.041113412648,73.17894029338959,193.8621731192584,88031.12020446024
2025-03-05 09:35:00,88652.0,88652.0,88380.24,88427.9,123.22227,67.9378954155438,265.12923401356966,57.013648715448994,208.11558529812066,88068.90875641641
2025-03-05 09:40:00,88427.9,88554.98,88339.2,88551.78,81.41957,70.71463119294548,270.4920722734096,49.90118958023112,220.59088269317846,88114.89649390055
2025-03-05 09:45:00,88551.79,88610.58,88424.33,88441.53,70.20322,65.29482938055027,262.81632364763936,33.780352763568715,229.03597088407065,88146.00444686241
2025-03-05 09:50:00,88441.54,88478.95,88359.59,88384.85,74.81717,62.63691837737154,249.28602117847186,16.20004023552093,233.08598094295093,88168.75164239932
2025-03-05 09:55:00,88384.39,88555.87,88384.06,88469.01,78.74629,64.92029793423899,242.5581087462051,7.577702242603351,234.98040650360176,88197.34767645653
2025-03-05 10:00:00,88469.0,88631.53,88469.0,88631.53,67.01258,68.87594361400755,247.48731571524695,10.005527369316127,237.48178834593082,88238.69837393686
2025-03-05 10:05:00,88631.53,88712.0,88582.0,88582.0,67.10633,66.41788231398684,244.57775062586006,5.676769823943374,238.9009808019167,88271.39376689524
2025-03-05 10:10:00,88582.0,88582.0,88363.13,88445.99,82.1723,60.07738445403965,228.66116543475073,-8.19185229373278,236.8530177284835,88288.02197957189
2025-03-05 10:15:00,88445.99,88623.5,88445.99,88532.24,65.5554,62.52082251129984,220.46542301510635,-13.11007577070174,233.5754987858081,88311.28083866028
2025-03-05 10:20:00,88532.24,88839.5,88526.86,88837.82,101.32593,69.61619253566312,235.90858296534861,1.8664673436323937,234.04211562171622,88361.42742545455
2025-03-05 10:25:00,88837.81,89621.99,88837.81,89612.02,799.45921,79.96495224806486,307.0790520663577,58.42954915571315,248.64950291064454,88480.53148017316
2025-03-05 10:30:00,89612.02,90413.47,89554.33,90327.01,643.83963,85.03449655586587,416.3761540450214,134.18132090750146,282.19483313751994,88656.38657729952
2025-03-05 10:35:00,90327.0,90660.0,90182.93,90356.01,564.35943,85.19809488758038,499.5761495662591,173.90505314299133,325.6710964232678,88818.25547469956
2025-03-05 10:40:00,90356.0,90412.95,89929.19,89975.0,375.44212,73.78556321314251,528.6741956348415,162.4024793692589,366.27171626558254,88928.42161996626
2025-03-05 10:45:00,89975.0,90126.87,89688.0,89764.65,257.19367,68.34261119666094,528.6669759377546,129.91620773773764,398.750768200017,89008.06241806471
2025-03-05 10:50:00,89764.65,89820.63,89576.87,89704.48,175.23995,66.82409860726038,517.8367385575548,95.26877628603017,422.5679622715246,89074.38790205856
2025-03-05 10:55:00,89704.48,90051.58,89694.0,89926.07,169.78773,69.51084711408309,521.1269316236867,78.84717548172966,442.279756141957,89155.50048281488
2025-03-05 11:00:00,89926.07,89956.0,89726.86,89726.87,122.47508,64.45725753579035,501.8753514718119,47.67647626388384,454.19887520792804,89209.9166273087
2025-03-05 11:05:00,89726.87,89980.34,89674.56,89919.99,110.69758,66.9647926650362,496.4784114500071,33.82362899366325,462.65478245634387,89277.54266280311
2025-03-05 11:10:00,89919.99,90043.36,89919.99,89920.0,97.41734,66.96492263076601,486.5929637241061,19.15054501420974,467.44241870989634,89338.72907586949
2025-03-05 11:15:00,89920.0,90058.0,89818.0,89818.01,92.08639,64.1911598810345,465.16678144627076,-1.8205098109004894,466.98729125717125,89384.37487816764
2025-03-05 11:20:00,89818.01,89921.07,89630.81,89694.38,100.78117,60.8982653333093,433.2166183346126,-27.016538338046985,460.23315667265956,89413.89917548501
2025-03-05 11:25:00,89694.38,89853.65,89647.64,89690.0,78.67881,60.77930743801796,402.8980960296467,-45.86804851441036,448.76614454405706,89440.1944921055
2025-03-05 11:30:00,89690.25,89783.95,89564.0,89583.45,96.93487,57.82038646202715,366.05312161943584,-66.170418339697,432.22353995913284,89453.83787380974
2025-03-05 11:35:00,89583.46,89694.51,89572.01,89647.5,96.53286,59.109094998711875,338.1238325901213,-75.27976589520927,413.4035984853306,89472.28188582786
2025-03-05 11:40:00,89647.5,89899.45,89647.49,89848.17,86.50423,62.93045030191782,328.3965111843718,-68.0056698407671,396.4021810251389,89508.08075384426
2025-03-05 11:45:00,89848.16,90071.23,89842.89,90046.71,188.16966,66.28731818467837,332.87092875895905,-50.825001812943924,383.695930571903,89559.37877728767
2025-03-05 11:50:00,90046.71,90127.0,89610.36,89730.18,129.21689,57.36788385549993,307.3328692660143,-61.090449044710965,368.4233183107253,89575.64556040312
2025-03-05 11:55:00,89730.18,89900.0,89709.23,89814.26,137.22311,58.948051438515435,290.5292856830347,-62.31522610215245,352.84451178518714,89598.37074512664
2025-03-05 12:00:00,89814.26,90007.99,89814.26,89973.82,121.48484,61.83876269158831,286.78164286806714,-52.85029513369602,339.63193800176316,89634.12781701934
2025-03-05 12:05:00,89973.82,90382.89,89941.06,90346.2,149.52126,67.5769172858147,310.2828156726755,-23.479297863270176,333.7621135359457,89701.94421539844
2025-03-05 12:10:00,90346.19,90530.97,90243.47,90243.48,193.53487,64.68741565132096,316.96524091078027,-13.437498100132359,330.4027390109126,89753.51905202716
2025-03-05 12:15:00,90243.48,90628.74,90151.11,90598.87,154.29958,69.54015662139672,346.93881919236446,13.22886414516148,333.709955047203,89834.0286661198
2025-03-05 12:20:00,90598.87,90755.37,90132.29,90271.35,198.07424,61.194046932764486,340.34172161591414,5.305413254968926,335.0363083609452,89875.67831696554
2025-03-05 12:25:00,90271.35,90390.0,90171.91,90380.0,129.74767,62.789522843664855,339.9617537527083,3.9403563134104616,336.02139743929786,89923.70895344502
2025-03-05 12:30:00,90380.0,90846.0,90379.99,90555.32,207.71044,65.27078834377022,349.77549113905116,11.003274959802582,338.7722161792486,89983.86238645026
2025-03-05 12:35:00,90555.31,90776.0,90431.17,90773.94,157.74396,68.12509124885487,370.9180433233414,25.716661715274256,345.20138160806715,90059.107873455
2025-03-05 12:40:00,90773.94,90933.82,90585.14,90622.99,264.14089,64.20154714176034,371.21413927030517,20.8102061297904,350.40393314051477,90112.81093312595
2025-03-05 12:45:00,90622.99,90679.25,90205.14,90351.98,285.48078,57.76873082610269,345.5967313738074,-3.845761413365892,349.4424927871733,90135.58893949492
2025-03-05 12:50:00,90351.98,90503.35,90266.3,90473.78,210.27997,59.722034803829125,331.3039276785712,-14.510852086881698,345.8147797654529,90167.79761192398
2025-03-05 12:55:00,90473.78,90518.92,90304.56,90355.97,178.83811,56.97695793578338,306.9323700520472,-31.105927770724634,338.0382978227718,90185.71879174074
2025-03-05 13:00:00,90355.97,90588.0,90216.99,90368.62,265.79496,57.20442151469811,285.34915686830936,-42.15131276356999,327.50046963187935,90203.1379544321
2025-03-05 13:05:00,90369.19,90394.5,89846.15,89960.55,273.41535,48.32799164073221,232.63479717314476,-75.89253796698767,308.52733514013244,90180.03433972427
2025-03-05 13:10:00,89960.56,90221.79,89720.89,89720.89,252.61621,44.008878325369835,169.5650874726707,-111.16979813396938,280.7348856066401,90136.30630736958
2025-03-05 13:15:00,89720.9,89950.0,89596.46,89596.46,376.87152,41.914411651098455,108.29309169626504,-137.95343512830004,246.24652682456508,90084.89237333438
2025-03-05 13:20:00,89596.18,89933.16,89596.18,89640.12,318.95299,42.94054566267503,62.53670649598644,-146.96785626286294,209.50456275884937,90042.5330996835
2025-03-05 13:25:00,89640.11,89792.29,89402.78,89785.13,355.65211,46.33173582297755,37.542767020044266,-137.5694365910441,175.11220361108838,90018.01851876125
2025-03-05 13:30:00,89785.13,89990.0,89775.51,89952.93,192.99546,50.032495447694664,30.918537891935557,-115.35493257532224,146.2734704672578,90011.81961221257
2025-03-05 13:35:00,89952.92,89952.92,89626.95,89630.44,167.39715,43.78371940865053,-0.34943123000266496,-117.29832135780838,116.94889012780571,89975.4977443828
2025-03-05 13:40:00,89630.43,89668.51,89103.52,89120.0,320.18251,36.09866323993877,-65.56200611208624,-146.00871699191356,80.44671087982732,89894.0217687273
2025-03-05 13:45:00,89120.0,89656.55,89110.0,89513.99,289.28305,44.23487521410436,-84.47793223209737,-131.93971448953977,47.461782257442394,89857.82826694375
2025-03-05 13:50:00,89514.0,89754.99,89456.0,89514.23,351.44078,44.23953267741558,-98.31624549157277,-116.62242219921214,18.306176707639363,89825.1046224729
2025-03-05 13:55:00,89514.23,89579.65,89434.0,89473.92,69.62392,43.581160014431916,-111.25342829611327,-103.64768400300211,-7.605744293111163,89791.65846795168
2025-03-05 14:00:00,89473.92,89600.8,89384.61,89396.75,134.81601,42.28381406854151,-126.27756378916092,-94.93745559683981,-31.340108192321118,89754.04813767056
2025-03-05 14:05:00,89396.76,89731.34,89364.6,89600.73,114.03703,46.79253496589159,-120.33764072772465,-71.19802602832283,-49.139614699401825,89739.44641027338
2025-03-05 14:10:00,89600.73,89794.0,89572.0,89775.99,92.59732,50.37926603983761,-100.33163102740946,-40.9536130624061,-59.37801796500336,89742.9267521521
2025-03-05 14:15:00,89776.0,89839.01,89528.55,89635.97,84.20933,47.61751261110181,-94.68371310233488,-28.244556109865215,-66.43915699246966,89732.74039480428
2025-03-05 14:20:00,89635.97,89635.97,89320.0,89408.08,85.77709,43.44328960273253,-107.3589487667341,-32.73583341941155,-74.62311534732255,89701.82035720388
2025-03-05 14:25:00,89408.01,89735.85,89406.01,89735.84,114.87815,50.204362311566484,-89.92012828991574,-12.237610354074548,-77.68251793584119,89705.06032318446
2025-03-05 14:30:00,89735.85,89803.69,89148.26,89364.25,283.15286,43.80999705979172,-104.87501106972923,-21.75399450711042,-83.1210165626188,89672.60219716688
2025-03-05 14:35:00,89364.25,89536.16,88356.86,88722.38,720.73518,35.418274336600476,-166.5999475944409,-66.78314482545767,-99.81680276898322,89582.10484505574
2025-03-05 14:40:00,88722.39,89812.25,88715.27,89358.5,441.37113,46.38005109241437,-162.31675031215127,-49.999958034534416,-112.31679227761686,89560.80914552663
2025-03-05 14:45:00,89358.49,89405.75,88829.1,88896.0,334.37258,40.93918684588535,-194.00579232390737,-65.35120003703241,-128.65459228687496,89497.4939888098
2025-03-05 14:50:00,88895.93,89370.3,88751.48,88865.45,441.08435,40.60038096742179,-219.0595341584849,-72.32395349728793,-146.73558066119696,89437.29932320888
2025-03-05 14:55:00,88865.45,89018.0,88157.25,88519.93,455.98991,36.88263022481115,-263.75497822649777,-93.61551805224065,-170.13946017425712,89349.93081623659
2025-03-05 15:00:00,88519.94,89550.72,88519.94,88932.51,677.06817,43.53188692899207,-262.8546568754973,-74.17215736099214,-188.68249951450517,89310.17645278548
2025-03-05 15:05:00,88932.51,89188.97,88855.27,89072.24,265.5337,45.621276333502756,-248.0072295278369,-47.45978401066537,-200.54744551717152,89287.51583823448
2025-03-05 15:10:00,89072.23,89148.32,88509.1,88645.14,331.43033,40.66799017967989,-267.6189918106975,-53.65723703482075,-213.96175477587673,89226.33718697405
2025-03-05 15:15:00,88645.14,88740.59,88248.52,88337.48,381.0366,37.50873603368948,-304.477221612804,-72.41237346954179,-232.0648481432622,89141.68412154795
2025-03-05 15:20:00,88337.47,88559.01,88150.0,88339.63,267.48225,37.54524919548086,-329.71341622571344,-78.118854465961,-251.59456175975245,89065.29801473385
2025-03-05 15:25:00,88339.62,88528.31,87926.06,88089.48,275.44739,34.98403026387303,-365.6829314782808,-91.27069577482268,-274.4122357034581,88972.36296571158
2025-03-05 15:30:00,88089.48,88572.72,88006.63,88488.61,236.60145,41.80541908818956,-357.8574185681209,-66.75614629173026,-291.10127227639066,88926.29125469143
2025-03-05 15:35:00,88488.61,88805.54,88472.72,88707.99,212.60321,45.20821242450972,-330.14777262919233,-31.237200282241304,-298.910572346951,88905.50065900653
2025-03-05 15:40:00,88708.09,88715.57,88376.0,88592.0,96.3406,43.75156378126518,-313.9283318208618,-12.014207579128595,-301.9141242417332,88875.64345338686
2025-03-05 15:45:00,88592.0,88746.22,88296.0,88398.78,251.16343,41.36076904145847,-313.0568231326324,-8.914159112719346,-304.14266401991307,88830.22788639762
2025-03-05 15:50:00,88398.77,88652.91,88180.01,88621.05,215.82423,45.078713263764335,-291.0754778853443,10.45374890765504,-301.52922679299934,88810.30618293119
2025-03-05 15:55:00,88621.05,88676.0,88301.99,88344.25,225.6374,41.545959879427784,-292.6174384137121,7.1294307034298185,-299.7468691171419,88765.91987979489
2025-03-05 16:00:00,88344.25,88373.48,88178.8,88356.97,176.85148,41.77178952981124,-289.4761546292284,8.216571590330773,-297.6927262195592,88726.97227219539
2025-03-05 16:05:00,88356.97,88431.18,88025.97,88058.1,228.60027,38.05195751643999,-307.55764277951675,-7.891933247966051,-299.6657095315507,88663.27015103391
2025-03-05 16:10:00,88059.74,88121.34,87622.64,87919.83,318.2196,36.435389486836044,-329.2492059425131,-23.666797128769872,-305.5824088137432,88592.46632712592
2025-03-05 16:15:00,87919.83,89480.0,87714.01,88011.04,752.64923,38.29755605261798,-335.21588128739677,-23.706777978922844,-311.5091033084739,88537.09239120917
2025-03-05 16:20:00,88011.04,89255.72,87879.79,88045.34,518.50629,39.02102451791956,-333.3343205885176,-17.460173824034882,-315.8741467644827,88490.25883014163
2025-03-05 16:25:00,88045.35,88162.74,87600.0,87938.11,240.65047,37.539159475051605,-336.61544174364826,-16.593035983332413,-320.02240576031585,88437.67322727099
2025-03-05 16:30:00,87938.11,88018.87,87679.24,87701.94,120.46143,34.43723403654817,-354.1898193809466,-27.333930896504512,-326.85588848444206,88367.60339610232
2025-03-05 16:35:00,87701.95,88320.0,87648.24,88200.01,159.03045,44.79719850955913,-324.19048767931235,2.132320644103743,-326.3228083234161,88351.64212028305
2025-03-05 16:40:00,88200.01,88208.81,88009.27,88108.44,88.16055,43.438195895766796,-304.2969886232895,17.62065576010133,-321.91764438339084,88328.48001358943
2025-03-05 16:45:00,88108.91,88343.19,87985.15,88287.66,91.76941,46.837520275308776,-270.94638977741124,40.77700368478372,-311.72339346219496,88324.59239324759
2025-03-05 16:50:00,88287.99,88548.86,88094.33,88470.3,117.13491,50.12701238981217,-227.159722422075,67.65093683209602,-294.810659254171,88338.4693081764
2025-03-05 16:55:00,88470.31,89270.8,88470.31,88926.53,416.22517,57.24395929412657,-153.87079817020276,112.75188886717461,-266.6226870373774,88394.47508835007
2025-03-05 17:00:00,88927.14,89272.28,88806.0,88880.62,284.46306,56.37219036307448,-98.35952363474644,134.61053072210476,-232.9700543568512,88440.7746037453
2025-03-05 17:05:00,88880.62,89174.0,88785.63,89154.85,112.92009,60.26478879175144,-31.87098063819576,160.87925897492437,-192.75023961312013,88508.781784341
2025-03-05 17:10:00,89154.84,89364.86,89023.74,89130.01,163.48071,59.74479568677203,18.602846275200136,169.08246871065623,-150.4796224354561,88567.94637630852
2025-03-05 17:15:00,89130.01,89529.75,89099.05,89370.0,135.44327,63.06102829441947,77.08037053754379,182.0479943783999,-104.96762384085612,88644.3324357077
2025-03-05 17:20:00,89370.01,89732.22,89242.0,89725.99,205.48898,67.35683338179162,150.41574857171508,204.30669793005697,-53.890949358341885,88747.34744183079
2025-03-05 17:25:00,89725.99,90082.77,89694.0,90040.81,248.96182,70.6117690540019,231.27194790251087,228.1303178086822,3.1416300938286668,88870.53435213261
2025-03-05 17:30:00,90040.81,90475.3,89990.38,90420.18,268.92282,73.9789077370362,322.2483781713381,255.28539846200755,66.96297970933055,89018.1196519295
2025-03-05 17:35:00,90420.18,90420.18,89769.01,89878.03,202.15363,62.889532323225815,346.60542891561636,223.71395936502864,122.89146955058773,89100.01587555527
2025-03-05 17:40:00,89878.03,89980.0,89587.34,89745.3,143.28546,60.498538945110234,351.1505207646551,182.60724097125387,168.5432797934012,89161.47150645476
2025-03-05 17:45:00,89745.31,89768.0,89324.0,89709.98,137.88444,59.846497753450954,347.89222496816365,143.47915613980993,204.41306882835372,89213.71041060193
2025-03-05 17:50:00,89709.98,90032.32,89709.98,89928.23,111.30986,62.53363556475353,358.7851017661451,123.49762635023308,235.287475415912,89281.7598953065
2025-03-05 17:55:00,89928.22,89997.53,89554.86,89687.99,83.65031,57.9374099804038,344.06624339686823,87.02301438476496,257.04322901210327,89320.44847670589
2025-03-05 18:00:00,89687.99,89727.78,89411.99,89682.0,125.68711,57.823291323320525,328.1355567155406,56.873862162749845,271.26169455279074,89354.88195511485
2025-03-05 18:05:00,89681.99,89943.4,88881.66,89056.01,378.49174,47.33103615058972,261.97828872629907,-7.4267246611933615,269.40501338749243,89326.41795938963
2025-03-05 18:10:00,89056.01,89471.62,89050.67,89250.51,136.86595,50.345836777378636,222.67583330765774,-37.38334406386775,260.0591773715255,89319.18862992396
2025-03-05 18:15:00,89250.51,89435.03,89027.56,89184.01,114.58546,49.30664430596009,184.04085161717376,-60.8146606034814,244.85551222065516,89306.31447469309
2025-03-05 18:20:00,89182.87,89411.4,89170.24,89411.39,67.5569,52.887477466483645,169.8125229238649,-60.03439143743222,229.8469143612971,89316.32166757947
2025-03-05 18:25:00,89411.39,89482.34,89232.01,89405.83,76.65851,52.78928322404248,156.28625374335388,-58.84852849435458,215.13478223770846,89324.84627066714
2025-03-05 18:30:00,89405.83,89412.0,88979.75,89188.66,105.69427,48.96517475280141,126.58360690686095,-70.84094026467801,197.42454717153896,89311.87614965122
2025-03-05 18:35:00,89188.67,89335.12,89075.48,89281.99,80.33031,50.620698805420275,109.31488238360907,-70.48773183034393,179.802614213953,89309.02984968443
2025-03-05 18:40:00,89282.0,89289.62,89055.41,89060.0,68.18511,46.73715701705612,76.83089727412153,-82.37737355186519,159.20827082598672,89285.31272114305
2025-03-05 18:45:00,89060.01,89334.0,89031.42,89301.88,87.11103,51.13601518266684,69.80018646440294,-71.52646748926702,141.32665395366996,89286.89055722466
2025-03-05 18:50:00,89301.88,89608.17,89286.96,89500.0,189.44045,54.454032083555134,79.30079552842653,-49.62068674019474,128.92148226862128,89307.18669463183
2025-03-05 18:55:00,89500.01,89801.57,89486.31,89712.0,103.8303,57.75934501106261,102.7522608004947,-20.93537717450127,123.68763797499597,89345.74034276213
2025-03-05 19:00:00,89712.01,90033.0,89624.95,90017.62,111.16282,62.03653980602004,144.33489301307418,16.51780403046257,127.81708898261161,89409.7288815467
2025-03-05 19:05:00,90017.62,90152.0,89851.38,89981.99,139.95855,61.257771419902454,172.42675707691524,35.68773447544288,136.73902260147236,89464.22994044703
2025-03-05 19:10:00,89982.0,90000.0,89756.65,89905.66,78.00934,59.53357463718379,186.38207214599242,39.71443963561603,146.6676325103764,89506.2708984997
2025-03-05 19:15:00,89905.66,89995.79,89555.82,89620.27,92.9143,53.473318918112426,172.4255574890558,20.606339982943496,151.8192175061123,89517.12795578544
2025-03-05 19:20:00,89620.28,90084.34,89581.89,90046.0,79.59594,60.012630260282265,193.48737013687787,33.33452210461246,160.1528480322654,89567.49672190112
2025-03-05 19:25:00,90046.01,90056.0,89754.71,89754.71,60.18157,54.380776726850414,184.54699691066344,19.515319102718422,165.03167780794502,89585.32655791054
2025-03-05 19:30:00,89754.72,89804.32,89641.5,89645.24,40.4206,52.39093265434163,166.7066817401501,1.340003145764058,165.36667859438603,89591.0326000143
2025-03-05 19:35:00,89645.24,89687.6,89472.26,89577.99,68.8959,51.15263930597108,145.4647632249107,-15.921532295580278,161.386295520491,89589.790447632
2025-03-05 19:40:00,89578.0,89900.0,89558.91,89867.69,58.09481,55.979485039303654,150.27448788419133,-8.889446109039739,159.16393399323107,89616.25707166705
2025-03-05 19:45:00,89867.7,89960.0,89788.0,89878.23,49.55314,56.1492609357728,153.1710586242698,-4.794300295169023,157.9653589194388,89641.20687436542
2025-03-05 19:50:00,89878.23,89992.0,89757.48,89866.0,45.42203,55.87995403414823,152.71929998901032,-4.196847144342797,156.91614713335312,89662.61574347348
2025-03-05 19:55:00,89865.99,89960.52,89734.23,89750.0,71.12223,53.27017476893627,141.37140590167837,-12.435792985339788,153.80719888701816,89670.93805361887
2025-03-05 20:00:00,89750.0,90069.19,89749.99,89989.92,57.6141,57.67324724679857,150.00845291699807,-3.0389967760160914,153.04744969301416,89701.31728660755
2025-03-05 20:05:00,89989.93,90268.01,89952.35,90218.7,71.22314,61.40747778821872,173.31612846555072,16.21494301802923,157.1011854475215,89750.59183074016
2025-03-05 20:10:00,90218.69,90218.69,90005.82,90099.66,60.50725,58.51472773748729,180.10594687577395,18.403809142601972,161.70213773317198,89783.83641828872
2025-03-05 20:15:00,90099.65,90107.47,89754.71,89834.28,73.57881,52.56931606051019,162.20320122138946,0.40085079057399753,161.80235043081547,89788.64056892788
2025-03-05 20:20:00,89834.29,89872.82,89677.8,89815.97,62.20043,52.17541469117508,144.8677372332313,-13.547690558067359,158.41542779129867,89791.24337188713
2025-03-05 20:25:00,89815.97,90084.72,89802.23,90018.11,52.5846,56.087364442578185,145.7600348239066,-10.124314373913649,155.88434919782026,89812.84971742169
2025-03-05 20:30:00,90018.11,90200.0,89908.99,90199.99,85.12988,59.312310473781146,159.30699122887745,2.7381136248457665,156.56887760403168,89849.7202205244
2025-03-05 20:35:00,90200.0,90345.54,90059.99,90083.89,80.56994,56.46181884703284,158.84370076291088,1.8198585271033494,157.02384223580754,89872.02210428398
2025-03-05 20:40:00,90083.88,90358.25,90072.01,90358.25,41.47998,61.20650113536741,178.5568070843001,17.226371878794026,161.33043520550606,89918.32952292361
2025-03-05 20:45:00,90358.25,90441.53,90286.0,90391.45,116.11427,61.749718276664304,194.61514614426414,26.627768751006442,167.9873773932577,89963.3886159785
2025-03-05 20:50:00,90391.44,90470.58,90235.1,90464.52,74.14908,62.97844383338937,210.80757536622696,34.2561583783754,176.55141698785155,90011.11541445674
2025-03-05 20:55:00,90464.51,90555.0,90302.43,90499.64,135.04678,63.583942598058556,223.8931814476382,37.87341156782932,186.01976987980888,90057.64156546086
2025-03-05 21:00:00,90499.64,90535.33,90217.34,90261.95,42.45816,56.811630947162286,212.63292203622404,21.290521725132123,191.34240031109192,90077.09951160745
2025-03-05 21:05:00,90261.96,90469.79,90118.96,90469.78,68.068,60.74830870909977,217.96664560808858,21.299396237597307,196.66724937049128,90114.49765335913
2025-03-05 21:10:00,90469.79,90700.0,90275.98,90310.25,82.13348,56.49167458081885,206.93549859905033,8.21459938284724,198.7208992162031,90133.1407339916
2025-03-05 21:15:00,90310.26,90424.83,90144.58,90213.26,48.208,54.013653683206094,188.19752873612742,-8.418696384060553,196.61622512018798,90140.77114027811
2025-03-05 21:20:00,90213.26,90239.99,89932.13,90071.47,78.65002,50.52445665314628,160.06119874399155,-29.244021100957156,189.3052198449487,90134.17103168019
2025-03-05 21:25:00,90071.46,90283.58,90071.46,90279.61,38.57879,55.108806202391044,152.7967669980717,-29.20676227750161,182.0035292755733,90148.02236199637
2025-03-05 21:30:00,90279.61,90279.61,89996.0,90039.08,59.37262,49.4109822812318,126.17640859885432,-44.66169654137519,170.83810514022952,90137.6468989491
2025-03-05 21:35:00,90039.09,90145.79,89953.15,90106.44,52.43863,50.94075322453422,109.25554194877623,-49.26605055316264,158.52159250193887,90134.67481333489
2025-03-05 21:40:00,90106.44,90220.71,90094.85,90164.22,44.16684,52.273924736875685,99.36260606111318,-47.32718915266054,146.68979521377372,90137.48864063632
2025-03-05 21:45:00,90164.22,90182.18,90035.87,90180.39,33.86374,52.66162461446292,91.76930750455358,-43.93639016737612,135.7056976719297,90141.57448438524
2025-03-05 21:50:00,90180.38,90444.0,90174.97,90356.0,41.92605,56.768954516633954,98.7831128234393,-29.538067878792333,128.32118070223163,90161.99596206284
2025-03-05 21:55:00,90355.99,90502.53,90304.69,90377.54,60.99442,57.25881670539729,104.87081655963266,-18.760291314079183,123.63110787371184,90182.5239656759
2025-03-05 22:00:00,90377.27,90474.65,90222.0,90251.63,58.2708,53.44643701760758,98.40117342918529,-20.183947555621245,118.58512098480654,90189.10549275437
2025-03-05 22:05:00,90251.63,90390.38,90251.63,90258.01,51.35844,53.61496684954026,92.71992968390987,-20.692153040717344,113.41208272462721,90195.66782677778
2025-03-05 22:10:00,90258.0,90274.0,90187.22,90273.99,27.69586,54.06352863679284,88.48693324891792,-19.94011958056744,108.42705282948536,90203.12708137037
2025-03-05 22:15:00,90274.0,90350.0,90155.59,90169.08,54.89431,50.60372325736151,75.79319606197532,-26.107085414008026,101.90028147598335,90199.88450219225
2025-03-05 22:20:00,90169.08,90176.99,90072.86,90118.76,31.56531,48.98447236585292,60.97008919400105,-32.74415382558584,93.71424301958689,90192.15835912632
2025-03-05 22:25:00,90118.76,90200.0,90026.96,90041.06,46.95876,46.50967282360497,42.4634374974994,-41.00064441766999,83.46408191516939,90177.76803920954
2025-03-05 22:30:00,90041.06,90195.33,90041.06,90177.72,50.52515,51.18134621729891,38.38166266409098,-36.06593540086273,74.44759806495371,90177.76346404673
2025-03-05 22:35:00,90177.72,90320.49,90091.62,90094.0,116.31185,48.392966285278405,28.067774544877466,-37.10385881606099,65.17163336093846,90169.78599128037
2025-03-05 22:40:00,90094.0,90252.0,90094.0,90252.0,25.95258,53.53759972375365,32.27122089541808,-26.320329972416303,58.591550867834385,90177.61589687271
2025-03-05 22:45:00,90252.0,90321.96,90251.99,90321.95,14.10116,55.64572464558829,40.77681309716718,-14.251790216533763,55.02860331370094,90191.36200193246
2025-03-05 22:50:00,90321.96,90367.97,90315.17,90367.97,22.3327,57.02716545244802,50.64715669571888,-3.505157294385654,54.15231399010453,90208.18181127222
2025-03-05 22:55:00,90367.96,90536.91,90367.96,90449.46,42.45807,59.43638213585926,64.30378308551735,8.121175276330256,56.1826078091871,90231.16068638916
2025-03-05 23:00:00,90449.47,90582.01,90405.03,90558.55,53.97657,62.469772901418025,82.97294868338213,21.43227269935602,61.54067598402611,90262.34062101877
2025-03-05 23:05:00,90558.54,90558.54,90354.09,90385.38,32.62774,55.38889974795137,82.84009610413341,17.03953609608584,65.80056000804757,90274.05865711223
2025-03-05 23:10:00,90385.38,90495.99,90341.0,90371.64,31.63558,54.85758444234575,80.69589427018946,11.916267409713512,68.77962686047594,90283.35211833964
2025-03-05 23:15:00,90371.63,90532.23,90364.75,90398.12,37.7575,55.73877323854308,80.20871740007715,9.143272431680955,71.06544496839619,90294.28239278348
2025-03-05 23:20:00,90398.12,90398.12,90296.04,90368.66,45.53461,54.464974191448846,76.56288119241071,4.3979489792116055,72.16493221319911,90301.36597442316
2025-03-05 23:25:00,90368.66,90606.88,90368.66,90543.14,29.22489,60.25782959607273,86.75257782526023,11.67011648964889,75.08246133561134,90324.39207209714
2025-03-05 23:30:00,90543.14,90793.49,90543.13,90672.89,60.4958,63.932432022438434,104.09775236295536,23.212232821875205,80.88551954108016,90357.58235094503
2025-03-05 23:35:00,90672.88,90741.71,90547.86,90705.36,55.58455,64.80932379212203,119.09117683138174,30.56452583224126,88.52665099914049,90390.70403180741
2025-03-05 23:40:00,90705.35,90888.0,90641.26,90861.53,64.60633,68.7452356873648,141.9390031034127,42.72988168341776,99.20912141999493,90435.54460020672
2025-03-05 23:45:00,90861.53,91000.0,90728.23,90786.48,188.54558,64.98374278219919,152.2352886088047,42.4209337510478,109.8143548577569,90468.96701923465
2025-03-05 23:50:00,90786.48,90816.03,90580.66,90628.31,127.08084,57.805106511562045,145.9497540206503,28.908319330314697,117.04143469033559,90484.1425412123
2025-03-05 23:55:00,90628.31,90653.45,90543.0,90606.01,48.27312,56.85155316760041,137.58302744563844,16.433274204242267,121.14975324139617,90495.74896585876
2025-03-06 00:00:00,90606.0,90813.1,90557.24,90693.17,91.60254,59.65302830941821,136.4129365114204,12.210546616019386,124.20238989540103,90514.5509691103
2025-03-06 00:05:00,90693.17,90815.31,90490.94,90504.02,163.68991,51.793905532416765,118.85274633206427,-4.279714850669407,123.13246118273368,90513.54801967123
2025-03-06 00:10:00,90504.01,90627.17,90477.45,90508.43,70.69167,51.95284296759334,104.09211019343638,-15.232280791437844,119.32439098487423,90513.06058922636
2025-03-06 00:15:00,90508.42,90673.22,90483.1,90537.6,49.846,53.05537855700178,93.668225923102,-20.524932049417785,114.19315797251978,90515.39767596671
2025-03-06 00:20:00,90537.61,90596.27,90245.28,90290.93,64.88581,43.884679520381574,64.75654194010713,-39.54929282593014,104.30583476603726,90494.01980206512
2025-03-06 00:25:00,90290.93,90396.98,90223.54,90370.0,55.33832,47.04451218844681,47.67454973756685,-45.30502802277634,92.97957776034319,90482.20839234463
2025-03-06 00:30:00,90369.99,90447.89,90160.0,90210.0,69.38222,41.90268563031055,20.98439003773092,-57.59615017808983,78.58054021582075,90456.2837835499
2025-03-06 00:35:00,90210.0,90230.04,90071.68,90194.98,66.54903,41.44474147367904,-1.3640187303972198,-63.95564715697437,62.59162842657715,90431.39770892609
2025-03-06 00:40:00,90194.99,90271.95,90072.8,90132.08,56.08122,39.497987681839014,-23.875575244106585,-69.17376293654699,45.29818769244041,90402.89126045695
2025-03-06 00:45:00,90132.08,90227.43,90073.5,90109.99,41.72484,38.80854415357279,-43.002913535543485,-70.6408809823871,27.637967446843625,90374.99590231819
2025-03-06 00:50:00,90110.0,90155.02,90051.0,90092.0,37.20655,38.22338632456767,-58.93375791161088,-69.2573802867636,10.323622375152725,90348.04391162122
2025-03-06 00:55:00,90092.0,90092.0,89986.73,90046.34,75.00446,36.71043610135576,-74.3859720761975,-67.76767556108018,-6.61829651511732,90319.31020575254
2025-03-06 01:00:00,90046.35,90229.83,90046.35,90144.57,78.72383,42.02681091165968,-77.80869289374095,-56.9523171028989,-20.856375790842048,90302.66828139515
2025-03-06 01:05:00,90144.57,90384.0,90122.0,90248.01,36.24882,47.06903721138188,-71.3519790853461,-40.39648263560324,-30.95549644974286,90297.4627307861
2025-03-06 01:10:00,90248.0,90419.15,90178.0,90419.14,37.99712,54.170709074157834,-51.82877619744977,-16.698623798165528,-35.13015239928424,90309.05104213979
2025-03-06 01:15:00,90419.14,90520.35,90300.0,90328.89,61.48422,50.3351562150408,-43.14160839414399,-6.40916479588779,-36.7324435982562,90310.94046669791
2025-03-06 01:20:00,90328.89,90352.0,90188.0,90230.0,73.24601,46.453873859714065,-43.732441501008,-5.5999983222014365,-38.13244317880656,90303.23185082192
2025-03-06 01:25:00,90229.99,90415.91,90180.53,90340.0,29.22149,50.981674343424714,-34.922040755685885,2.5683219384965383,-37.49036269418242,90306.73357931507
2025-03-06 01:30:00,90340.0,90396.23,90138.75,90353.99,40.17266,51.542885743911,-26.505321758566424,8.788032748492803,-35.29335450705923,90311.23419080887
2025-03-06 01:35:00,90353.99,90440.0,90328.86,90368.91,78.45083,52.17179485627608,-18.418771868979093,13.499666110464108,-31.9184379794432,90316.72712501754
2025-03-06 01:40:00,90368.92,90688.0,90368.91,90677.99,101.17577,62.910809959228175,12.782699091447284,35.760909656712386,-22.978210565265105,90351.13311311111
2025-03-06 01:45:00,90677.99,91903.01,90665.4,91847.37,981.20362,80.63075784201637,130.36649885713996,122.67576753792405,7.69073131921591,90493.63186424338
2025-03-06 01:50:00,91847.37,91847.37,91264.01,91296.54,235.46303,64.90126093176475,177.06404569512233,135.49865150072515,41.5653941943972,90570.099305744
2025-03-06 01:55:00,91296.54,91296.54,90956.0,91057.19,168.95039,59.47215522213192,192.53917161439313,120.77902193599674,71.76014967839639,90616.48889567314
2025-03-06 02:00:00,91057.2,91727.01,91038.01,91510.28,219.56417,65.37661788592634,238.61331104842247,133.48252909602087,105.1307819524016,90701.61185798999
2025-03-06 02:05:00,91510.28,91840.75,91444.17,91457.78,179.90911,64.20931273277067,267.8040093394957,130.13858190967525,137.66542742982043,90773.62787151476
2025-03-06 02:10:00,91457.78,91744.0,91372.53,91629.49,154.81443,66.32701333320415,301.3199808286299,130.9236427190476,170.39633810958233,90855.13855041812
2025-03-06 02:15:00,91629.48,91695.61,91436.01,91466.91,100.62775,62.55303729764232,311.17574218532536,112.62352326059442,198.55221892473094,90913.40249799735
2025-03-06 02:20:00,91466.91,91478.0,91152.53,91160.01,137.6554,56.067655541643624,290.8692789498309,73.85364802007996,217.01563092975096,90936.88892675951
2025-03-06 02:25:00,91160.0,91346.91,91146.01,91296.01,116.73595,58.13886875170165,282.4939099881303,52.382623246703474,230.11128674142685,90971.09093373478
2025-03-06 02:30:00,91296.0,91349.49,91094.33,91154.0,130.54263,55.21177367834371,261.38427436300844,25.018390097265268,236.36588426574318,90988.51084480766
2025-03-06 02:35:00,91153.99,91203.68,90999.77,91165.54,70.68076,55.40824374559834,242.78721768391551,5.137066734537854,237.65015094937766,91005.37076434979
2025-03-06 02:40:00,91165.54,91373.28,91124.56,91335.82,54.49052,58.31403808360922,239.03365797598963,1.106805621289567,237.92685235470006,91036.842120126
2025-03-06 02:45:00,91335.81,91644.0,91335.79,91644.0,129.09165,63.0118766196491,257.95296409682487,16.020889393699832,241.93207470312504,91094.66668011401
2025-03-06 02:50:00,91643.99,91998.0,91643.99,91956.11,215.17113,67.06054814013473,294.733811181839,42.24138918297115,252.49242199886783,91176.70890105552
2025-03-06 02:55:00,91956.1,92000.0,91750.01,91812.0,94.31502,63.59899036766993,308.6959698816936,44.96283830626061,263.733131575433,91237.21281524071
2025-03-06 03:00:00,91811.99,92025.0,91725.76,91877.91,216.53197,64.5015091573477,321.37485809517966,46.11338121579729,275.26147687938237,91298.23159474159
2025-03-06 03:05:00,91877.91,91877.91,91565.39,91565.4,86.87203,57.25315303955119,302.71649577701464,21.964015118105806,280.75248065890884,91323.6762047662
2025-03-06 03:10:00,91565.4,91986.88,91565.4,91674.27,105.94149,58.98244530752201,293.3331464305811,10.064532617337818,283.2686138132433,91357.06609002656
2025-03-06 03:15:00,91674.26,91833.0,91622.0,91750.0,80.99188,60.18890509904492,288.67983117133554,4.3289738864737615,284.3508572848618,91394.4883671669
2025-03-06 03:20:00,91750.0,91806.0,91561.61,91619.6,74.43819,57.07582970986634,271.3419935047277,-10.407091024107274,281.749084528835,91415.92757029386
2025-03-06 03:25:00,91619.6,91748.0,91556.56,91641.54,42.43923,57.47436584864705,256.4162005351245,-20.266307194968363,276.6825077300929,91437.41446836112
2025-03-06 03:30:00,91641.54,91641.54,91459.04,91548.82,83.19841,55.14419850449475,234.40361401437258,-33.82311497257626,268.22672898694884,91448.02451899339
2025-03-06 03:35:00,91548.82,91658.58,91536.75,91536.75,46.61537,54.832546539218555,213.5231702842866,-43.7628469621298,257.2860172464164,91456.47456480355
2025-03-06 03:40:00,91536.75,91671.99,91458.34,91554.18,81.06563,55.22606948665389,196.12096314210794,-48.932043283446774,245.0530064255547,91465.77984434606
2025-03-06 03:45:00,91554.18,91600.0,91422.78,91429.58,62.50365,51.7547093706793,170.31215739660547,-59.79267922315941,230.10483661976488,91462.33224012263
2025-03-06 03:50:00,91429.58,91509.44,91405.76,91436.88,62.65463,51.9452909788887,148.73303999031486,-65.09743730356004,213.8304772938749,91459.90821725382
2025-03-06 03:55:00,91436.88,91620.55,91436.87,91605.01,27.60491,56.23349072040397,143.54344042710727,-56.22962949341411,199.77306992052138,91473.72743465821
2025-03-06 04:00:00,91605.02,91886.8,91575.23,91603.7,79.96053,56.191416139589094,137.7371907359775,-49.62870334763511,187.3658940836126,91486.10577421458
2025-03-06 04:05:00,91603.7,91772.0,91566.57,91755.24,43.21962,59.92667577943416,143.70714108353422,-34.92700240006272,178.63414348359694,91511.73760524175
2025-03-06 04:10:00,91755.23,91800.0,91670.0,91799.98,33.20346,60.98435447765154,150.31576724091428,-22.65470099414614,172.97046823506042,91539.18926188539
2025-03-06 04:15:00,91799.99,91800.0,91675.68,91707.12,62.39722,57.58700471456103,146.37283027316153,-21.27811036951914,167.65094064268067,91555.18266551534
2025-03-06 04:20:00,91707.12,91773.99,91526.36,91640.67,50.83248,55.216495447100655,136.31471350044012,-25.068981713792425,161.38369521423255,91563.32431641864
2025-03-06 04:25:00,91640.67,91693.03,91595.47,91595.48,17.34213,53.60057977076808,123.27607826823078,-30.48609355680142,153.7621718250322,91566.38676247401
2025-03-06 04:30:00,91595.48,91862.83,91591.36,91802.77,38.07223,59.46117474544583,128.19172213738784,-20.456359750115496,148.64808188750334,91588.8994517622
2025-03-06 04:35:00,91802.76,91954.16,91802.76,91860.66,44.87692,60.944779215066525,135.20014144072775,-10.758352357420478,145.95849379814823,91614.78140873724
2025-03-06 04:40:00,91860.66,92321.07,91860.66,92126.29,261.0425,66.92602470158924,160.34018344258948,11.50535171555299,148.8348317270365,91663.49651266703
2025-03-06 04:45:00,92126.3,92217.23,92024.68,92195.09,94.65587,68.28098994173608,183.69787807717512,27.8904370801109,155.80744099706422,91714.1244638416
2025-03-06 04:50:00,92195.1,92438.48,92104.69,92420.37,186.56908,72.28484180493932,217.8756972002593,49.65460496255608,168.22109223770323,91781.38594347573
2025-03-06 04:55:00,92420.36,92454.44,92205.0,92287.45,99.78422,66.91760057503724,231.56697204369993,50.67670384479737,180.89026819890256,91829.58252028757
2025-03-06 05:00:00,92287.45,92416.0,92204.1,92268.0,70.97955,66.14366274210599,238.10324752453016,45.770383460502075,192.3328640640281,91871.33656597446
2025-03-06 05:05:00,92268.0,92323.21,92124.0,92239.98,64.40528,64.97775647294849,238.27562008045788,36.754204813143815,201.52141526731407,91906.44546445308
2025-03-06 05:10:00,92239.99,92340.0,92138.34,92149.99,63.54733,61.24396952724019,228.51658866323123,21.59613871673372,206.9204499464975,91929.64018212422
2025-03-06 05:15:00,92150.0,92384.61,92149.99,92382.76,53.46529,66.59156334281737,236.83499323761498,23.931634632893974,212.903358604721,91972.79445049333
2025-03-06 05:20:00,92382.77,92505.23,92304.2,92310.57,151.45084,63.657926632308865,234.89454105813638,17.5929459627323,217.30159509540408,92004.96355044634
2025-03-06 05:25:00,92310.56,92478.84,92278.5,92426.53,88.63213,66.23137988451975,239.94775327014213,18.116926539790427,221.8308267303517,92045.11273611811
2025-03-06 05:30:00,92426.53,92500.0,92362.0,92474.15,50.95397,67.2567810864972,244.97112177505915,18.512236035765937,226.4588857392932,92085.97342791638
2025-03-06 05:35:00,92474.14,92580.0,92424.51,92437.25,132.20305,65.59463016776876,243.17152591109334,13.370112137440088,229.80141377365325,92119.42833954339
2025-03-06 05:40:00,92437.25,92588.0,92412.0,92536.03,51.0997,67.8828547688757,246.8702866910462,13.655098333914339,233.21518835713186,92159.1046881583
2025-03-06 05:45:00,92536.03,92656.01,92492.96,92565.41,159.11775,68.55277365203304,249.29854329425143,12.866683949695641,236.4318593445558,92197.80043214324
2025-03-06 05:50:00,92565.41,92720.0,92509.12,92718.67,120.81088,71.85120062188552,260.58588344440795,19.323219279881727,241.26266416452623,92247.4070576534
2025-03-06 05:55:00,92718.67,92810.64,92669.88,92737.98,133.775,72.24618987094104,268.0000002749439,21.38986888833412,246.61013138660977,92294.12829025784
2025-03-06 06:00:00,92737.99,92769.26,92368.3,92458.01,334.53966,59.261981542018646,248.42086103647307,1.4485837198906495,246.97227731658242,92309.73607213804
2025-03-06 06:05:00,92458.01,92458.01,92315.22,92393.35,91.50019,56.72630468695829,225.09200994038838,-17.50421390095525,242.59622384134363,92317.69930336298
2025-03-06 06:10:00,92393.34,92463.0,92350.0,92370.0,111.39071,55.7978282188753,202.38659087718406,-32.167706371327654,234.55429724851172,92322.68032209032
2025-03-06 06:15:00,92370.0,92399.99,92236.72,92254.89,73.08393,51.33688426218071,173.10848088888451,-49.156653087701756,222.26513397658627,92316.22410093885
2025-03-06 06:20:00,92254.89,92301.69,92078.28,92088.56,139.78402,45.65677232091646,134.92855447766487,-69.86926359913713,204.797818076802,92294.54180561134
2025-03-06 06:25:00,92088.57,92200.0,92079.76,92198.17,65.6264,49.61324398750614,112.22167703894957,-74.06091283028195,186.28258986923151,92285.36353841027
2025-03-06 06:30:00,92198.17,92198.17,91869.12,91998.05,156.57487,43.40051369690992,77.18852033294388,-87.27525562903011,164.463775961974,92258.00034427595
2025-03-06 06:35:00,91998.05,92001.0,91879.11,91900.62,126.67265,40.72658534383826,41.089055445510894,-98.6997764131705,139.7888318586814,92223.96412101158
2025-03-06 06:40:00,91900.62,92000.0,91796.31,91885.5,154.98698,40.31150924468952,11.131593719517696,-102.92579051133096,114.05738423084865,92191.72944282
2025-03-06 06:45:00,91885.49,91983.5,91784.35,91888.66,59.25105,40.44811381325365,-12.214128074003384,-101.01720984388163,88.80308176987825,92162.86568636095
2025-03-06 06:50:00,91888.66,92052.08,91888.66,91992.0,72.58342,44.89003472427289,-22.12209668061405,-88.74014276039384,66.61804607977979,92146.59276385038
2025-03-06 06:55:00,91992.0,92060.49,91891.63,91916.0,75.31407,42.3860696550152,-35.69532454414002,-81.85069649913585,46.15537195499583,92124.63154824558
2025-03-06 07:00:00,91916.01,91993.83,91878.48,91882.07,83.56636,41.27903104018949,-48.629502220181166,-75.8278993401416,27.198397119960433,92101.53044841268
2025-03-06 07:05:00,91882.08,91991.99,91631.7,91638.13,61.61724,34.33568005856307,-77.6685359866533,-83.89354648529098,6.225010498637687,92057.39707237337
2025-03-06 07:10:00,91638.13,91747.69,91610.0,91700.0,111.51498,37.21999545007527,-94.59930562150839,-80.65945289611686,-13.939852725391528,92023.35925595685
2025-03-06 07:15:00,91700.0,91784.02,91636.79,91717.91,84.97698,38.06805850642516,-105.35738091237727,-73.1340225495886,-32.22335836278867,91994.26885062763
2025-03-06 07:20:00,91717.92,91812.27,91672.01,91690.78,48.49084,37.24725359033793,-114.74963499027945,-66.02102130199262,-48.72861368828683,91965.36515056786
2025-03-06 07:25:00,91690.78,91736.97,91622.64,91671.55,36.56123,36.64414162095619,-122.33456755854422,-58.88476309620591,-63.449804462338314,91937.38275527568
2025-03-06 07:30:00,91671.54,91812.0,91641.28,91718.98,56.6569,39.25666882046913,-123.09946267545456,-47.719726570492995,-75.37973610496157,91916.58249286847
2025-03-06 07:35:00,91718.97,91789.18,91612.78,91612.78,27.1215,35.70628888045633,-130.76769146876177,-44.31036429104016,-86.45732717772161,91887.6489221191
2025-03-06 07:40:00,91612.78,91612.79,91483.27,91547.88,94.21057,33.70042425854936,-140.462540905457,-43.2041709821883,-97.25836992326869,91855.28997715536
2025-03-06 07:45:00,91547.88,91603.31,91426.0,91466.0,117.44182,31.31059923479081,-152.9892458384129,-44.584700732115365,-108.40454510629753,91818.2147412358
2025-03-06 07:50:00,91466.0,91466.56,91363.63,91380.94,77.95522,29.009166851478756,-167.84556171651639,-47.55281328817506,-120.29274842834133,91776.56952778478
2025-03-06 07:55:00,91380.94,91384.13,91265.96,91346.48,78.58132,28.107786545157854,-180.3213013735367,-48.022842356156275,-132.29845901738042,91735.6086203767
2025-03-06 08:00:00,91346.49,91440.43,91158.34,91208.3,123.94811,24.782476725301493,-199.0637036532571,-53.41219570870135,-145.65150794455576,91685.38875176941
2025-03-06 08:05:00,91208.31,91437.5,91208.3,91417.04,54.26381,36.922631160028374,-194.8277657965955,-39.34100628163179,-155.4867595149637,91659.83172779137
2025-03-06 08:10:00,91417.03,91458.33,91270.0,91395.47,51.68111,36.271159142208674,-191.00943538700812,-28.418140697635522,-162.5912946893726,91634.65442038266
2025-03-06 08:15:00,91395.48,91567.0,91388.2,91552.53,83.1382,44.01685669928411,-173.31211742636515,-8.576658189594042,-164.7354592367711,91626.83304701289
2025-03-06 08:20:00,91552.53,91552.54,91433.98,91496.5,89.24483,42.053209876118466,-161.94126013608184,2.235359280551421,-164.17661941663326,91614.42037586881
2025-03-06 08:25:00,91496.49,91546.0,91379.16,91543.57,83.03861,44.301220162578424,-147.43211257093935,13.395605476555119,-160.82771804749447,91607.67272102415
2025-03-06 08:30:00,91543.57,91553.44,91434.05,91488.0,71.15933,42.21885795454943,-138.817343252711,17.608299835826784,-156.42564308853778,91596.27531902185
2025-03-06 08:35:00,91488.0,91528.81,91376.71,91432.56,48.7641,40.18922402452576,-134.90848018853285,17.213730320003947,-152.1222105085368,91580.68338387691
2025-03-06 08:40:00,91432.55,91590.99,91406.0,91406.01,116.14712,39.216901169513335,-132.42651077714982,15.756559785109573,-148.1830705622594,91564.04782350767
2025-03-06 08:45:00,91406.0,91426.0,91121.34,91222.67,156.70864,33.2369291768971,-143.59822692745365,3.667874907844606,-147.26610183529826,91531.53564984028
2025-03-06 08:50:00,91222.67,91371.28,91166.7,91336.18,60.56636,39.398234526763396,-141.6596201856446,4.4851853197229445,-146.14480550536754,91512.9303498555
2025-03-06 08:55:00,91336.18,91374.0,91228.01,91228.01,46.78391,35.98966883565122,-147.1553599727049,-0.8084435738698801,-146.34691639883502,91485.79507844069
